timestamp,req_id,result,size,data_hex
1749494439230388208,0,4486546681463300096,9,00e0d3a06f6a433e01
1749494439234070680,1,4486546681463316480,9,0020d4a06f6a433e01
1749494439236674486,2,4486546681463324672,9,0040d4a06f6a433e01
1749494439237430829,3,4486546681463328768,9,0050d4a06f6a433e01
1749494439238137029,4,4486546681463332864,9,0060d4a06f6a433e01
1749494439238852889,0,4486546681463332865,9,0160d4a06f6a433e01
1749494439239570832,1,4486546681463336960,9,0070d4a06f6a433e01
1749494439240280979,2,4486546681463341056,9,0080d4a06f6a433e01
1749494439240990350,3,4486546681463341057,9,0180d4a06f6a433e01
1749494439241704087,4,4486546681463345152,9,0090d4a06f6a433e01
1749494439242421415,5,4486546681463349248,9,00a0d4a06f6a433e01
1749494439243124329,6,4486546681463353344,9,00b0d4a06f6a433e01
1749494439243829663,7,4486546681463353345,9,01b0d4a06f6a433e01
1749494439244534954,8,4486546681463357440,9,00c0d4a06f6a433e01
1749494439245237460,9,4486546681463361536,9,00d0d4a06f6a433e01
