timestamp,req_id,size,data_hex
1749494439230303475,0,81,800100010000000f436f6d706f7365556e697175654964000000000a00010000000000000000080002000000000d00030b0b000000010000000874726163652d69640000000a7761726d75702d302d3000
1749494439234040958,0,81,800100010000000f436f6d706f7365556e697175654964000000000a00010000000000000001080002000000000d00030b0b000000010000000874726163652d69640000000a7761726d75702d302d3100
1749494439236654769,0,81,800100010000000f436f6d706f7365556e697175654964000000000a00010000000000000002080002000000000d00030b0b000000010000000874726163652d69640000000a7761726d75702d302d3200
1749494439237414695,0,81,800100010000000f436f6d706f7365556e697175654964000000000a00010000000000000003080002000000000d00030b0b000000010000000874726163652d69640000000a7761726d75702d302d3300
1749494439238124043,0,81,800100010000000f436f6d706f7365556e697175654964000000000a00010000000000000004080002000000000d00030b0b000000010000000874726163652d69640000000a7761726d75702d302d3400
1749494439238832927,0,111,800100010000000f436f6d706f7365556e697175654964000000000a00010000000000000000080002000000000d00030b0b00000003000000077370616e2d696400000001300000000874726163652d696400000008746573742d302d3000000007757365722d6964000000013000
1749494439239552719,0,111,800100010000000f436f6d706f7365556e697175654964000000000a00010000000000000001080002000000000d00030b0b00000003000000077370616e2d696400000001310000000874726163652d696400000008746573742d302d3100000007757365722d6964000000013000
1749494439240264354,0,111,800100010000000f436f6d706f7365556e697175654964000000000a00010000000000000002080002000000010d00030b0b00000003000000077370616e2d696400000001320000000874726163652d696400000008746573742d302d3200000007757365722d6964000000013000
1749494439240972396,0,111,800100010000000f436f6d706f7365556e697175654964000000000a00010000000000000003080002000000030d00030b0b00000003000000077370616e2d696400000001330000000874726163652d696400000008746573742d302d3300000007757365722d6964000000013000
1749494439241686021,0,111,800100010000000f436f6d706f7365556e697175654964000000000a00010000000000000004080002000000010d00030b0b00000003000000077370616e2d696400000001340000000874726163652d696400000008746573742d302d3400000007757365722d6964000000013000
1749494439242403548,0,111,800100010000000f436f6d706f7365556e697175654964000000000a00010000000000000005080002000000010d00030b0b00000003000000077370616e2d696400000001350000000874726163652d696400000008746573742d302d3500000007757365722d6964000000013000
1749494439243108234,0,111,800100010000000f436f6d706f7365556e697175654964000000000a00010000000000000006080002000000000d00030b0b00000003000000077370616e2d696400000001360000000874726163652d696400000008746573742d302d3600000007757365722d6964000000013000
1749494439243812579,0,111,800100010000000f436f6d706f7365556e697175654964000000000a00010000000000000007080002000000000d00030b0b00000003000000077370616e2d696400000001370000000874726163652d696400000008746573742d302d3700000007757365722d6964000000013000
1749494439244517904,0,111,800100010000000f436f6d706f7365556e697175654964000000000a00010000000000000008080002000000010d00030b0b00000003000000077370616e2d696400000001380000000874726163652d696400000008746573742d302d3800000007757365722d6964000000013000
1749494439245221691,0,111,800100010000000f436f6d706f7365556e697175654964000000000a00010000000000000009080002000000020d00030b0b00000003000000077370616e2d696400000001390000000874726163652d696400000008746573742d302d3900000007757365722d6964000000013000
