timestamp,req_id,post_type,size,data_hex
1749494439230368540,0,0,34,000000000000000000000000140074726163652d69643d7761726d75702d302d303b
1749494439234060366,1,0,34,010000000000000000000000140074726163652d69643d7761726d75702d302d313b
1749494439236667230,2,0,34,020000000000000000000000140074726163652d69643d7761726d75702d302d323b
1749494439237424767,3,0,34,030000000000000000000000140074726163652d69643d7761726d75702d302d333b
1749494439238132168,4,0,34,040000000000000000000000140074726163652d69643d7761726d75702d302d343b
1749494439238846233,0,0,52,00000000000000000000000026007370616e2d69643d303b74726163652d69643d746573742d302d303b757365722d69643d303b
1749494439239564865,1,0,52,01000000000000000000000026007370616e2d69643d313b74726163652d69643d746573742d302d313b757365722d69643d303b
1749494439240275318,2,1,52,02000000000000000100000026007370616e2d69643d323b74726163652d69643d746573742d302d323b757365722d69643d303b
1749494439240984364,3,3,52,03000000000000000300000026007370616e2d69643d333b74726163652d69643d746573742d302d333b757365722d69643d303b
1749494439241698012,4,1,52,04000000000000000100000026007370616e2d69643d343b74726163652d69643d746573742d302d343b757365722d69643d303b
1749494439242415473,5,1,52,05000000000000000100000026007370616e2d69643d353b74726163652d69643d746573742d302d353b757365722d69643d303b
1749494439243118813,6,0,52,06000000000000000000000026007370616e2d69643d363b74726163652d69643d746573742d302d363b757365722d69643d303b
1749494439243823858,7,0,52,07000000000000000000000026007370616e2d69643d373b74726163652d69643d746573742d302d373b757365722d69643d303b
1749494439244529048,8,1,52,08000000000000000100000026007370616e2d69643d383b74726163652d69643d746573742d302d383b757365722d69643d303b
1749494439245231912,9,2,52,09000000000000000200000026007370616e2d69643d393b74726163652d69643d746573742d302d393b757365722d69643d303b
