timestamp,req_id,result,size,data_hex
1749939973715500645,0,4486548506372550656,9,0030e585186c433e01
1749939973715540704,1,4486548506372550657,9,0130e585186c433e01
1749939973715561078,2,4486548506372550658,9,0230e585186c433e01
1749939973715580495,3,4486548506372550659,9,0330e585186c433e01
1749939973715600052,4,4486548506372550660,9,0430e585186c433e01
1749939973715619417,5,4486548506372550661,9,0530e585186c433e01
1749939973715639091,6,4486548506372550662,9,0630e585186c433e01
1749939973715658365,7,4486548506372550663,9,0730e585186c433e01
1749939973715677626,8,4486548506372550664,9,0830e585186c433e01
1749939973715696896,9,4486548506372550665,9,0930e585186c433e01
1749939973715716140,10,4486548506372550666,9,0a30e585186c433e01
1749939973715735348,11,4486548506372550667,9,0b30e585186c433e01
1749939973715754463,12,4486548506372550668,9,0c30e585186c433e01
1749939973715773692,13,4486548506372550669,9,0d30e585186c433e01
1749939973715796104,14,4486548506372550670,9,0e30e585186c433e01
1749939973715815814,15,4486548506372550671,9,0f30e585186c433e01
1749939973715835448,16,4486548506372550672,9,1030e585186c433e01
1749939973715854996,17,4486548506372550673,9,1130e585186c433e01
1749939973715874377,18,4486548506372550674,9,1230e585186c433e01
1749939973715893933,19,4486548506372550675,9,1330e585186c433e01
1749939973715913108,20,4486548506372550676,9,1430e585186c433e01
1749939973715932795,21,4486548506372550677,9,1530e585186c433e01
1749939973715952095,22,4486548506372550678,9,1630e585186c433e01
1749939973715971055,23,4486548506372550679,9,1730e585186c433e01
1749939973715992136,24,4486548506372550680,9,1830e585186c433e01
1749939973716011573,25,4486548506372554752,9,0040e585186c433e01
1749939973716030612,26,4486548506372554753,9,0140e585186c433e01
1749939973716049614,27,4486548506372554754,9,0240e585186c433e01
1749939973716068588,28,4486548506372554755,9,0340e585186c433e01
1749939973716088756,29,4486548506372554756,9,0440e585186c433e01
1749939973716107782,30,4486548506372554757,9,0540e585186c433e01
1749939973716126762,31,4486548506372554758,9,0640e585186c433e01
1749939973716145556,32,4486548506372554759,9,0740e585186c433e01
1749939973716164407,33,4486548506372554760,9,0840e585186c433e01
1749939973716183423,34,4486548506372554761,9,0940e585186c433e01
1749939973716202351,35,4486548506372554762,9,0a40e585186c433e01
1749939973716221334,36,4486548506372554763,9,0b40e585186c433e01
1749939973716240307,37,4486548506372554764,9,0c40e585186c433e01
1749939973716259022,38,4486548506372554765,9,0d40e585186c433e01
1749939973716277927,39,4486548506372554766,9,0e40e585186c433e01
1749939973716298290,40,4486548506372554767,9,0f40e585186c433e01
1749939973716321101,41,4486548506372554768,9,1040e585186c433e01
1749939973716341524,42,4486548506372554769,9,1140e585186c433e01
1749939973716361724,43,4486548506372554770,9,1240e585186c433e01
1749939973716380618,44,4486548506372554771,9,1340e585186c433e01
1749939973716399424,45,4486548506372554772,9,1440e585186c433e01
1749939973716418378,46,4486548506372554773,9,1540e585186c433e01
1749939973716437253,47,4486548506372554774,9,1640e585186c433e01
1749939973716456277,48,4486548506372554775,9,1740e585186c433e01
1749939973716476520,49,4486548506372554776,9,1840e585186c433e01
1749939973716495511,50,4486548506372554777,9,1940e585186c433e01
1749939973716514443,51,4486548506372554778,9,1a40e585186c433e01
1749939973716533455,52,4486548506372554779,9,1b40e585186c433e01
1749939973716552473,53,4486548506372554780,9,1c40e585186c433e01
1749939973716571307,54,4486548506372554781,9,1d40e585186c433e01
1749939973716590169,55,4486548506372554782,9,1e40e585186c433e01
1749939973716609116,56,4486548506372554783,9,1f40e585186c433e01
1749939973716628012,57,4486548506372554784,9,2040e585186c433e01
1749939973716647929,58,4486548506372554785,9,2140e585186c433e01
1749939973716666891,59,4486548506372554786,9,2240e585186c433e01
1749939973716685812,60,4486548506372554787,9,2340e585186c433e01
1749939973716704498,61,4486548506372554788,9,2440e585186c433e01
1749939973716723431,62,4486548506372554789,9,2540e585186c433e01
1749939973716742250,63,4486548506372554790,9,2640e585186c433e01
1749939973716764561,64,4486548506372554791,9,2740e585186c433e01
1749939973716783475,65,4486548506372554792,9,2840e585186c433e01
1749939973716802350,66,4486548506372554793,9,2940e585186c433e01
1749939973716821175,67,4486548506372554794,9,2a40e585186c433e01
1749939973716840175,68,4486548506372554795,9,2b40e585186c433e01
1749939973716859001,69,4486548506372554796,9,2c40e585186c433e01
1749939973716877936,70,4486548506372554797,9,2d40e585186c433e01
1749939973716896732,71,4486548506372554798,9,2e40e585186c433e01
1749939973716918220,72,4486548506372554799,9,2f40e585186c433e01
1749939973716937207,73,4486548506372554800,9,3040e585186c433e01
1749939973716957668,74,4486548506372554801,9,3140e585186c433e01
1749939973716976815,75,4486548506372554802,9,3240e585186c433e01
1749939973716995618,76,4486548506372554803,9,3340e585186c433e01
1749939973717014551,77,4486548506372558848,9,0050e585186c433e01
1749939973717033346,78,4486548506372558849,9,0150e585186c433e01
1749939973717053547,79,4486548506372558850,9,0250e585186c433e01
1749939973717072373,80,4486548506372558851,9,0350e585186c433e01
1749939973717091286,81,4486548506372558852,9,0450e585186c433e01
1749939973717110196,82,4486548506372558853,9,0550e585186c433e01
1749939973717129025,83,4486548506372558854,9,0650e585186c433e01
1749939973717147710,84,4486548506372558855,9,0750e585186c433e01
1749939973717166851,85,4486548506372558856,9,0850e585186c433e01
1749939973717185762,86,4486548506372558857,9,0950e585186c433e01
1749939973717205787,87,4486548506372558858,9,0a50e585186c433e01
1749939973717224805,88,4486548506372558859,9,0b50e585186c433e01
1749939973717243721,89,4486548506372558860,9,0c50e585186c433e01
1749939973717262826,90,4486548506372558861,9,0d50e585186c433e01
1749939973717281786,91,4486548506372558862,9,0e50e585186c433e01
1749939973717300641,92,4486548506372558863,9,0f50e585186c433e01
1749939973717322399,93,4486548506372558864,9,1050e585186c433e01
1749939973717342933,94,4486548506372558865,9,1150e585186c433e01
1749939973717361704,95,4486548506372558866,9,1250e585186c433e01
1749939973717380555,96,4486548506372558867,9,1350e585186c433e01
1749939973717399434,97,4486548506372558868,9,1450e585186c433e01
1749939973717417949,98,4486548506372558869,9,1550e585186c433e01
1749939973717438336,99,4486548506372558870,9,1650e585186c433e01
