timestamp,req_id,size,data_hex
1749939973715394513,0,127,800100010000000f436f6d706f7365556e697175654964000000000a00010000000000000000080002000000000d00030b0b00000003000000077370616e2d69640000000230300000000874726163652d69640000000e746573742d303030302d3030303000000007757365722d69640000000a3030303030303030303000
1749939973715523221,0,127,800100010000000f436f6d706f7365556e697175654964000000000a00010000000000000001080002000000020d00030b0b00000003000000077370616e2d69640000000230300000000874726163652d69640000000e746573742d303030302d3030303000000007757365722d69640000000a3030303030303030303100
1749939973715546071,0,127,800100010000000f436f6d706f7365556e697175654964000000000a00010000000000000002080002000000030d00030b0b00000003000000077370616e2d69640000000230300000000874726163652d69640000000e746573742d303030302d3030303000000007757365722d69640000000a3030303030303030303200
1749939973715565936,0,127,800100010000000f436f6d706f7365556e697175654964000000000a00010000000000000003080002000000030d00030b0b00000003000000077370616e2d69640000000230300000000874726163652d69640000000e746573742d303030302d3030303000000007757365722d69640000000a3030303030303030303300
1749939973715585183,0,127,800100010000000f436f6d706f7365556e697175654964000000000a00010000000000000004080002000000000d00030b0b00000003000000077370616e2d69640000000230300000000874726163652d69640000000e746573742d303030302d3030303000000007757365722d69640000000a3030303030303030303400
1749939973715604661,0,127,800100010000000f436f6d706f7365556e697175654964000000000a00010000000000000005080002000000020d00030b0b00000003000000077370616e2d69640000000230300000000874726163652d69640000000e746573742d303030302d3030303000000007757365722d69640000000a3030303030303030303500
1749939973715624020,0,127,800100010000000f436f6d706f7365556e697175654964000000000a00010000000000000006080002000000020d00030b0b00000003000000077370616e2d69640000000230300000000874726163652d69640000000e746573742d303030302d3030303000000007757365722d69640000000a3030303030303030303600
1749939973715643597,0,127,800100010000000f436f6d706f7365556e697175654964000000000a00010000000000000007080002000000000d00030b0b00000003000000077370616e2d69640000000230300000000874726163652d69640000000e746573742d303030302d3030303000000007757365722d69640000000a3030303030303030303700
1749939973715662911,0,127,800100010000000f436f6d706f7365556e697175654964000000000a00010000000000000008080002000000000d00030b0b00000003000000077370616e2d69640000000230300000000874726163652d69640000000e746573742d303030302d3030303000000007757365722d69640000000a3030303030303030303800
1749939973715682251,0,127,800100010000000f436f6d706f7365556e697175654964000000000a00010000000000000009080002000000020d00030b0b00000003000000077370616e2d69640000000230300000000874726163652d69640000000e746573742d303030302d3030303000000007757365722d69640000000a3030303030303030303900
1749939973715701496,0,127,800100010000000f436f6d706f7365556e697175654964000000000a0001000000000000000a080002000000030d00030b0b00000003000000077370616e2d69640000000230300000000874726163652d69640000000e746573742d303030302d3030303000000007757365722d69640000000a3030303030303030313000
1749939973715720717,0,127,800100010000000f436f6d706f7365556e697175654964000000000a0001000000000000000b080002000000030d00030b0b00000003000000077370616e2d69640000000230300000000874726163652d69640000000e746573742d303030302d3030303000000007757365722d69640000000a3030303030303030313100
1749939973715739902,0,127,800100010000000f436f6d706f7365556e697175654964000000000a0001000000000000000c080002000000030d00030b0b00000003000000077370616e2d69640000000230300000000874726163652d69640000000e746573742d303030302d3030303000000007757365722d69640000000a3030303030303030313200
1749939973715759024,0,127,800100010000000f436f6d706f7365556e697175654964000000000a0001000000000000000d080002000000000d00030b0b00000003000000077370616e2d69640000000230300000000874726163652d69640000000e746573742d303030302d3030303000000007757365722d69640000000a3030303030303030313300
1749939973715778229,0,127,800100010000000f436f6d706f7365556e697175654964000000000a0001000000000000000e080002000000020d00030b0b00000003000000077370616e2d69640000000230300000000874726163652d69640000000e746573742d303030302d3030303000000007757365722d69640000000a3030303030303030313400
1749939973715800702,0,127,800100010000000f436f6d706f7365556e697175654964000000000a0001000000000000000f080002000000020d00030b0b00000003000000077370616e2d69640000000230300000000874726163652d69640000000e746573742d303030302d3030303000000007757365722d69640000000a3030303030303030313500
1749939973715820366,0,127,800100010000000f436f6d706f7365556e697175654964000000000a00010000000000000010080002000000030d00030b0b00000003000000077370616e2d69640000000230300000000874726163652d69640000000e746573742d303030302d3030303000000007757365722d69640000000a3030303030303030313600
1749939973715840018,0,127,800100010000000f436f6d706f7365556e697175654964000000000a00010000000000000011080002000000030d00030b0b00000003000000077370616e2d69640000000230300000000874726163652d69640000000e746573742d303030302d3030303000000007757365722d69640000000a3030303030303030313700
1749939973715859498,0,127,800100010000000f436f6d706f7365556e697175654964000000000a00010000000000000012080002000000000d00030b0b00000003000000077370616e2d69640000000230300000000874726163652d69640000000e746573742d303030302d3030303000000007757365722d69640000000a3030303030303030313800
1749939973715878922,0,127,800100010000000f436f6d706f7365556e697175654964000000000a00010000000000000013080002000000030d00030b0b00000003000000077370616e2d69640000000230300000000874726163652d69640000000e746573742d303030302d3030303000000007757365722d69640000000a3030303030303030313900
1749939973715898419,0,127,800100010000000f436f6d706f7365556e697175654964000000000a00010000000000000014080002000000000d00030b0b00000003000000077370616e2d69640000000230300000000874726163652d69640000000e746573742d303030302d3030303000000007757365722d69640000000a3030303030303030323000
1749939973715917922,0,127,800100010000000f436f6d706f7365556e697175654964000000000a00010000000000000015080002000000000d00030b0b00000003000000077370616e2d69640000000230300000000874726163652d69640000000e746573742d303030302d3030303000000007757365722d69640000000a3030303030303030323100
1749939973715937518,0,127,800100010000000f436f6d706f7365556e697175654964000000000a00010000000000000016080002000000000d00030b0b00000003000000077370616e2d69640000000230300000000874726163652d69640000000e746573742d303030302d3030303000000007757365722d69640000000a3030303030303030323200
1749939973715956602,0,127,800100010000000f436f6d706f7365556e697175654964000000000a00010000000000000017080002000000010d00030b0b00000003000000077370616e2d69640000000230300000000874726163652d69640000000e746573742d303030302d3030303000000007757365722d69640000000a3030303030303030323300
1749939973715975852,0,127,800100010000000f436f6d706f7365556e697175654964000000000a00010000000000000018080002000000000d00030b0b00000003000000077370616e2d69640000000230300000000874726163652d69640000000e746573742d303030302d3030303000000007757365722d69640000000a3030303030303030323400
1749939973715996798,0,127,800100010000000f436f6d706f7365556e697175654964000000000a00010000000000000019080002000000000d00030b0b00000003000000077370616e2d69640000000230300000000874726163652d69640000000e746573742d303030302d3030303000000007757365722d69640000000a3030303030303030323500
1749939973716016138,0,127,800100010000000f436f6d706f7365556e697175654964000000000a0001000000000000001a080002000000000d00030b0b00000003000000077370616e2d69640000000230300000000874726163652d69640000000e746573742d303030302d3030303000000007757365722d69640000000a3030303030303030323600
1749939973716035189,0,127,800100010000000f436f6d706f7365556e697175654964000000000a0001000000000000001b080002000000000d00030b0b00000003000000077370616e2d69640000000230300000000874726163652d69640000000e746573742d303030302d3030303000000007757365722d69640000000a3030303030303030323700
1749939973716054186,0,127,800100010000000f436f6d706f7365556e697175654964000000000a0001000000000000001c080002000000030d00030b0b00000003000000077370616e2d69640000000230300000000874726163652d69640000000e746573742d303030302d3030303000000007757365722d69640000000a3030303030303030323800
1749939973716073127,0,127,800100010000000f436f6d706f7365556e697175654964000000000a0001000000000000001d080002000000030d00030b0b00000003000000077370616e2d69640000000230300000000874726163652d69640000000e746573742d303030302d3030303000000007757365722d69640000000a3030303030303030323900
1749939973716093324,0,127,800100010000000f436f6d706f7365556e697175654964000000000a0001000000000000001e080002000000030d00030b0b00000003000000077370616e2d69640000000230300000000874726163652d69640000000e746573742d303030302d3030303000000007757365722d69640000000a3030303030303030333000
1749939973716112283,0,127,800100010000000f436f6d706f7365556e697175654964000000000a0001000000000000001f080002000000010d00030b0b00000003000000077370616e2d69640000000230300000000874726163652d69640000000e746573742d303030302d3030303000000007757365722d69640000000a3030303030303030333100
1749939973716131245,0,127,800100010000000f436f6d706f7365556e697175654964000000000a00010000000000000020080002000000030d00030b0b00000003000000077370616e2d69640000000230300000000874726163652d69640000000e746573742d303030302d3030303000000007757365722d69640000000a3030303030303030333200
1749939973716150089,0,127,800100010000000f436f6d706f7365556e697175654964000000000a00010000000000000021080002000000030d00030b0b00000003000000077370616e2d69640000000230300000000874726163652d69640000000e746573742d303030302d3030303000000007757365722d69640000000a3030303030303030333300
1749939973716168912,0,127,800100010000000f436f6d706f7365556e697175654964000000000a00010000000000000022080002000000000d00030b0b00000003000000077370616e2d69640000000230300000000874726163652d69640000000e746573742d303030302d3030303000000007757365722d69640000000a3030303030303030333400
1749939973716187936,0,127,800100010000000f436f6d706f7365556e697175654964000000000a00010000000000000023080002000000020d00030b0b00000003000000077370616e2d69640000000230300000000874726163652d69640000000e746573742d303030302d3030303000000007757365722d69640000000a3030303030303030333500
1749939973716206897,0,127,800100010000000f436f6d706f7365556e697175654964000000000a00010000000000000024080002000000000d00030b0b00000003000000077370616e2d69640000000230300000000874726163652d69640000000e746573742d303030302d3030303000000007757365722d69640000000a3030303030303030333600
1749939973716225882,0,127,800100010000000f436f6d706f7365556e697175654964000000000a00010000000000000025080002000000030d00030b0b00000003000000077370616e2d69640000000230300000000874726163652d69640000000e746573742d303030302d3030303000000007757365722d69640000000a3030303030303030333700
1749939973716244856,0,127,800100010000000f436f6d706f7365556e697175654964000000000a00010000000000000026080002000000010d00030b0b00000003000000077370616e2d69640000000230300000000874726163652d69640000000e746573742d303030302d3030303000000007757365722d69640000000a3030303030303030333800
1749939973716263565,0,127,800100010000000f436f6d706f7365556e697175654964000000000a00010000000000000027080002000000030d00030b0b00000003000000077370616e2d69640000000230300000000874726163652d69640000000e746573742d303030302d3030303000000007757365722d69640000000a3030303030303030333900
1749939973716283886,0,127,800100010000000f436f6d706f7365556e697175654964000000000a00010000000000000028080002000000000d00030b0b00000003000000077370616e2d69640000000230300000000874726163652d69640000000e746573742d303030302d3030303000000007757365722d69640000000a3030303030303030343000
1749939973716302834,0,127,800100010000000f436f6d706f7365556e697175654964000000000a00010000000000000029080002000000020d00030b0b00000003000000077370616e2d69640000000230300000000874726163652d69640000000e746573742d303030302d3030303000000007757365722d69640000000a3030303030303030343100
1749939973716326573,0,127,800100010000000f436f6d706f7365556e697175654964000000000a0001000000000000002a080002000000030d00030b0b00000003000000077370616e2d69640000000230300000000874726163652d69640000000e746573742d303030302d3030303000000007757365722d69640000000a3030303030303030343200
1749939973716345987,0,127,800100010000000f436f6d706f7365556e697175654964000000000a0001000000000000002b080002000000030d00030b0b00000003000000077370616e2d69640000000230300000000874726163652d69640000000e746573742d303030302d3030303000000007757365722d69640000000a3030303030303030343300
1749939973716366243,0,127,800100010000000f436f6d706f7365556e697175654964000000000a0001000000000000002c080002000000000d00030b0b00000003000000077370616e2d69640000000230300000000874726163652d69640000000e746573742d303030302d3030303000000007757365722d69640000000a3030303030303030343400
1749939973716385132,0,127,800100010000000f436f6d706f7365556e697175654964000000000a0001000000000000002d080002000000020d00030b0b00000003000000077370616e2d69640000000230300000000874726163652d69640000000e746573742d303030302d3030303000000007757365722d69640000000a3030303030303030343500
1749939973716404001,0,127,800100010000000f436f6d706f7365556e697175654964000000000a0001000000000000002e080002000000010d00030b0b00000003000000077370616e2d69640000000230300000000874726163652d69640000000e746573742d303030302d3030303000000007757365722d69640000000a3030303030303030343600
1749939973716422870,0,127,800100010000000f436f6d706f7365556e697175654964000000000a0001000000000000002f080002000000030d00030b0b00000003000000077370616e2d69640000000230300000000874726163652d69640000000e746573742d303030302d3030303000000007757365722d69640000000a3030303030303030343700
1749939973716441870,0,127,800100010000000f436f6d706f7365556e697175654964000000000a00010000000000000030080002000000020d00030b0b00000003000000077370616e2d69640000000230300000000874726163652d69640000000e746573742d303030302d3030303000000007757365722d69640000000a3030303030303030343800
1749939973716460757,0,127,800100010000000f436f6d706f7365556e697175654964000000000a00010000000000000031080002000000020d00030b0b00000003000000077370616e2d69640000000230300000000874726163652d69640000000e746573742d303030302d3030303000000007757365722d69640000000a3030303030303030343900
1749939973716481229,0,127,800100010000000f436f6d706f7365556e697175654964000000000a00010000000000000032080002000000030d00030b0b00000003000000077370616e2d69640000000230300000000874726163652d69640000000e746573742d303030302d3030303000000007757365722d69640000000a3030303030303030353000
1749939973716500061,0,127,800100010000000f436f6d706f7365556e697175654964000000000a00010000000000000033080002000000010d00030b0b00000003000000077370616e2d69640000000230300000000874726163652d69640000000e746573742d303030302d3030303000000007757365722d69640000000a3030303030303030353100
1749939973716518922,0,127,800100010000000f436f6d706f7365556e697175654964000000000a00010000000000000034080002000000030d00030b0b00000003000000077370616e2d69640000000230300000000874726163652d69640000000e746573742d303030302d3030303000000007757365722d69640000000a3030303030303030353200
1749939973716537944,0,127,800100010000000f436f6d706f7365556e697175654964000000000a00010000000000000035080002000000000d00030b0b00000003000000077370616e2d69640000000230300000000874726163652d69640000000e746573742d303030302d3030303000000007757365722d69640000000a3030303030303030353300
1749939973716556998,0,127,800100010000000f436f6d706f7365556e697175654964000000000a00010000000000000036080002000000000d00030b0b00000003000000077370616e2d69640000000230300000000874726163652d69640000000e746573742d303030302d3030303000000007757365722d69640000000a3030303030303030353400
1749939973716575763,0,127,800100010000000f436f6d706f7365556e697175654964000000000a00010000000000000037080002000000000d00030b0b00000003000000077370616e2d69640000000230300000000874726163652d69640000000e746573742d303030302d3030303000000007757365722d69640000000a3030303030303030353500
1749939973716594687,0,127,800100010000000f436f6d706f7365556e697175654964000000000a00010000000000000038080002000000010d00030b0b00000003000000077370616e2d69640000000230300000000874726163652d69640000000e746573742d303030302d3030303000000007757365722d69640000000a3030303030303030353600
1749939973716613584,0,127,800100010000000f436f6d706f7365556e697175654964000000000a00010000000000000039080002000000020d00030b0b00000003000000077370616e2d69640000000230300000000874726163652d69640000000e746573742d303030302d3030303000000007757365722d69640000000a3030303030303030353700
1749939973716632439,0,127,800100010000000f436f6d706f7365556e697175654964000000000a0001000000000000003a080002000000000d00030b0b00000003000000077370616e2d69640000000230300000000874726163652d69640000000e746573742d303030302d3030303000000007757365722d69640000000a3030303030303030353800
1749939973716652405,0,127,800100010000000f436f6d706f7365556e697175654964000000000a0001000000000000003b080002000000010d00030b0b00000003000000077370616e2d69640000000230300000000874726163652d69640000000e746573742d303030302d3030303000000007757365722d69640000000a3030303030303030353900
1749939973716671346,0,127,800100010000000f436f6d706f7365556e697175654964000000000a0001000000000000003c080002000000000d00030b0b00000003000000077370616e2d69640000000230300000000874726163652d69640000000e746573742d303030302d3030303000000007757365722d69640000000a3030303030303030363000
1749939973716690267,0,127,800100010000000f436f6d706f7365556e697175654964000000000a0001000000000000003d080002000000030d00030b0b00000003000000077370616e2d69640000000230300000000874726163652d69640000000e746573742d303030302d3030303000000007757365722d69640000000a3030303030303030363100
1749939973716708999,0,127,800100010000000f436f6d706f7365556e697175654964000000000a0001000000000000003e080002000000030d00030b0b00000003000000077370616e2d69640000000230300000000874726163652d69640000000e746573742d303030302d3030303000000007757365722d69640000000a3030303030303030363200
1749939973716727869,0,127,800100010000000f436f6d706f7365556e697175654964000000000a0001000000000000003f080002000000010d00030b0b00000003000000077370616e2d69640000000230300000000874726163652d69640000000e746573742d303030302d3030303000000007757365722d69640000000a3030303030303030363300
1749939973716750121,0,127,800100010000000f436f6d706f7365556e697175654964000000000a00010000000000000040080002000000020d00030b0b00000003000000077370616e2d69640000000230300000000874726163652d69640000000e746573742d303030302d3030303000000007757365722d69640000000a3030303030303030363400
1749939973716769083,0,127,800100010000000f436f6d706f7365556e697175654964000000000a00010000000000000041080002000000020d00030b0b00000003000000077370616e2d69640000000230300000000874726163652d69640000000e746573742d303030302d3030303000000007757365722d69640000000a3030303030303030363500
1749939973716787923,0,127,800100010000000f436f6d706f7365556e697175654964000000000a00010000000000000042080002000000020d00030b0b00000003000000077370616e2d69640000000230300000000874726163652d69640000000e746573742d303030302d3030303000000007757365722d69640000000a3030303030303030363600
1749939973716806840,0,127,800100010000000f436f6d706f7365556e697175654964000000000a00010000000000000043080002000000020d00030b0b00000003000000077370616e2d69640000000230300000000874726163652d69640000000e746573742d303030302d3030303000000007757365722d69640000000a3030303030303030363700
1749939973716825640,0,127,800100010000000f436f6d706f7365556e697175654964000000000a00010000000000000044080002000000000d00030b0b00000003000000077370616e2d69640000000230300000000874726163652d69640000000e746573742d303030302d3030303000000007757365722d69640000000a3030303030303030363800
1749939973716844688,0,127,800100010000000f436f6d706f7365556e697175654964000000000a00010000000000000045080002000000000d00030b0b00000003000000077370616e2d69640000000230300000000874726163652d69640000000e746573742d303030302d3030303000000007757365722d69640000000a3030303030303030363900
1749939973716863506,0,127,800100010000000f436f6d706f7365556e697175654964000000000a00010000000000000046080002000000020d00030b0b00000003000000077370616e2d69640000000230300000000874726163652d69640000000e746573742d303030302d3030303000000007757365722d69640000000a3030303030303030373000
1749939973716882455,0,127,800100010000000f436f6d706f7365556e697175654964000000000a00010000000000000047080002000000010d00030b0b00000003000000077370616e2d69640000000230300000000874726163652d69640000000e746573742d303030302d3030303000000007757365722d69640000000a3030303030303030373100
1749939973716901152,0,127,800100010000000f436f6d706f7365556e697175654964000000000a00010000000000000048080002000000030d00030b0b00000003000000077370616e2d69640000000230300000000874726163652d69640000000e746573742d303030302d3030303000000007757365722d69640000000a3030303030303030373200
1749939973716922744,0,127,800100010000000f436f6d706f7365556e697175654964000000000a00010000000000000049080002000000020d00030b0b00000003000000077370616e2d69640000000230300000000874726163652d69640000000e746573742d303030302d3030303000000007757365722d69640000000a3030303030303030373300
1749939973716941706,0,127,800100010000000f436f6d706f7365556e697175654964000000000a0001000000000000004a080002000000030d00030b0b00000003000000077370616e2d69640000000230300000000874726163652d69640000000e746573742d303030302d3030303000000007757365722d69640000000a3030303030303030373400
1749939973716962307,0,127,800100010000000f436f6d706f7365556e697175654964000000000a0001000000000000004b080002000000000d00030b0b00000003000000077370616e2d69640000000230300000000874726163652d69640000000e746573742d303030302d3030303000000007757365722d69640000000a3030303030303030373500
1749939973716981262,0,127,800100010000000f436f6d706f7365556e697175654964000000000a0001000000000000004c080002000000020d00030b0b00000003000000077370616e2d69640000000230300000000874726163652d69640000000e746573742d303030302d3030303000000007757365722d69640000000a3030303030303030373600
1749939973717000104,0,127,800100010000000f436f6d706f7365556e697175654964000000000a0001000000000000004d080002000000030d00030b0b00000003000000077370616e2d69640000000230300000000874726163652d69640000000e746573742d303030302d3030303000000007757365722d69640000000a3030303030303030373700
1749939973717019058,0,127,800100010000000f436f6d706f7365556e697175654964000000000a0001000000000000004e080002000000030d00030b0b00000003000000077370616e2d69640000000230300000000874726163652d69640000000e746573742d303030302d3030303000000007757365722d69640000000a3030303030303030373800
1749939973717039119,0,127,800100010000000f436f6d706f7365556e697175654964000000000a0001000000000000004f080002000000000d00030b0b00000003000000077370616e2d69640000000230300000000874726163652d69640000000e746573742d303030302d3030303000000007757365722d69640000000a3030303030303030373900
1749939973717058095,0,127,800100010000000f436f6d706f7365556e697175654964000000000a00010000000000000050080002000000000d00030b0b00000003000000077370616e2d69640000000230300000000874726163652d69640000000e746573742d303030302d3030303000000007757365722d69640000000a3030303030303030383000
1749939973717076887,0,127,800100010000000f436f6d706f7365556e697175654964000000000a00010000000000000051080002000000010d00030b0b00000003000000077370616e2d69640000000230300000000874726163652d69640000000e746573742d303030302d3030303000000007757365722d69640000000a3030303030303030383100
1749939973717095795,0,127,800100010000000f436f6d706f7365556e697175654964000000000a00010000000000000052080002000000000d00030b0b00000003000000077370616e2d69640000000230300000000874726163652d69640000000e746573742d303030302d3030303000000007757365722d69640000000a3030303030303030383200
1749939973717114696,0,127,800100010000000f436f6d706f7365556e697175654964000000000a00010000000000000053080002000000000d00030b0b00000003000000077370616e2d69640000000230300000000874726163652d69640000000e746573742d303030302d3030303000000007757365722d69640000000a3030303030303030383300
1749939973717133568,0,127,800100010000000f436f6d706f7365556e697175654964000000000a00010000000000000054080002000000020d00030b0b00000003000000077370616e2d69640000000230300000000874726163652d69640000000e746573742d303030302d3030303000000007757365722d69640000000a3030303030303030383400
1749939973717152333,0,127,800100010000000f436f6d706f7365556e697175654964000000000a00010000000000000055080002000000000d00030b0b00000003000000077370616e2d69640000000230300000000874726163652d69640000000e746573742d303030302d3030303000000007757365722d69640000000a3030303030303030383500
1749939973717171443,0,127,800100010000000f436f6d706f7365556e697175654964000000000a00010000000000000056080002000000030d00030b0b00000003000000077370616e2d69640000000230300000000874726163652d69640000000e746573742d303030302d3030303000000007757365722d69640000000a3030303030303030383600
1749939973717190209,0,127,800100010000000f436f6d706f7365556e697175654964000000000a00010000000000000057080002000000020d00030b0b00000003000000077370616e2d69640000000230300000000874726163652d69640000000e746573742d303030302d3030303000000007757365722d69640000000a3030303030303030383700
1749939973717210348,0,127,800100010000000f436f6d706f7365556e697175654964000000000a00010000000000000058080002000000000d00030b0b00000003000000077370616e2d69640000000230300000000874726163652d69640000000e746573742d303030302d3030303000000007757365722d69640000000a3030303030303030383800
1749939973717229288,0,127,800100010000000f436f6d706f7365556e697175654964000000000a00010000000000000059080002000000030d00030b0b00000003000000077370616e2d69640000000230300000000874726163652d69640000000e746573742d303030302d3030303000000007757365722d69640000000a3030303030303030383900
1749939973717248268,0,127,800100010000000f436f6d706f7365556e697175654964000000000a0001000000000000005a080002000000000d00030b0b00000003000000077370616e2d69640000000230300000000874726163652d69640000000e746573742d303030302d3030303000000007757365722d69640000000a3030303030303030393000
1749939973717267272,0,127,800100010000000f436f6d706f7365556e697175654964000000000a0001000000000000005b080002000000030d00030b0b00000003000000077370616e2d69640000000230300000000874726163652d69640000000e746573742d303030302d3030303000000007757365722d69640000000a3030303030303030393100
1749939973717286431,0,127,800100010000000f436f6d706f7365556e697175654964000000000a0001000000000000005c080002000000000d00030b0b00000003000000077370616e2d69640000000230300000000874726163652d69640000000e746573742d303030302d3030303000000007757365722d69640000000a3030303030303030393200
1749939973717305125,0,127,800100010000000f436f6d706f7365556e697175654964000000000a0001000000000000005d080002000000010d00030b0b00000003000000077370616e2d69640000000230300000000874726163652d69640000000e746573742d303030302d3030303000000007757365722d69640000000a3030303030303030393300
1749939973717327780,0,127,800100010000000f436f6d706f7365556e697175654964000000000a0001000000000000005e080002000000020d00030b0b00000003000000077370616e2d69640000000230300000000874726163652d69640000000e746573742d303030302d3030303000000007757365722d69640000000a3030303030303030393400
1749939973717347424,0,127,800100010000000f436f6d706f7365556e697175654964000000000a0001000000000000005f080002000000010d00030b0b00000003000000077370616e2d69640000000230300000000874726163652d69640000000e746573742d303030302d3030303000000007757365722d69640000000a3030303030303030393500
1749939973717366125,0,127,800100010000000f436f6d706f7365556e697175654964000000000a00010000000000000060080002000000000d00030b0b00000003000000077370616e2d69640000000230300000000874726163652d69640000000e746573742d303030302d3030303000000007757365722d69640000000a3030303030303030393600
1749939973717385107,0,127,800100010000000f436f6d706f7365556e697175654964000000000a00010000000000000061080002000000000d00030b0b00000003000000077370616e2d69640000000230300000000874726163652d69640000000e746573742d303030302d3030303000000007757365722d69640000000a3030303030303030393700
1749939973717403862,0,127,800100010000000f436f6d706f7365556e697175654964000000000a00010000000000000062080002000000000d00030b0b00000003000000077370616e2d69640000000230300000000874726163652d69640000000e746573742d303030302d3030303000000007757365722d69640000000a3030303030303030393800
1749939973717422378,0,127,800100010000000f436f6d706f7365556e697175654964000000000a00010000000000000063080002000000000d00030b0b00000003000000077370616e2d69640000000230300000000874726163652d69640000000e746573742d303030302d3030303000000007757365722d69640000000a3030303030303030393900
