timestamp,req_id,post_type,size,data_hex
1749939973715479152,0,0,68,00000000000000000000000036007370616e2d69643d30303b74726163652d69643d746573742d303030302d303030303b757365722d69643d303030303030303030303b
1749939973715534301,1,2,68,01000000000000000200000036007370616e2d69643d30303b74726163652d69643d746573742d303030302d303030303b757365722d69643d303030303030303030313b
1749939973715555374,2,3,68,02000000000000000300000036007370616e2d69643d30303b74726163652d69643d746573742d303030302d303030303b757365722d69643d303030303030303030323b
1749939973715574902,3,3,68,03000000000000000300000036007370616e2d69643d30303b74726163652d69643d746573742d303030302d303030303b757365722d69643d303030303030303030333b
1749939973715594421,4,0,68,04000000000000000000000036007370616e2d69643d30303b74726163652d69643d746573742d303030302d303030303b757365722d69643d303030303030303030343b
1749939973715613866,5,2,68,05000000000000000200000036007370616e2d69643d30303b74726163652d69643d746573742d303030302d303030303b757365722d69643d303030303030303030353b
1749939973715633462,6,2,68,06000000000000000200000036007370616e2d69643d30303b74726163652d69643d746573742d303030302d303030303b757365722d69643d303030303030303030363b
1749939973715652795,7,0,68,07000000000000000000000036007370616e2d69643d30303b74726163652d69643d746573742d303030302d303030303b757365722d69643d303030303030303030373b
1749939973715672117,8,0,68,08000000000000000000000036007370616e2d69643d30303b74726163652d69643d746573742d303030302d303030303b757365722d69643d303030303030303030383b
1749939973715691319,9,2,68,09000000000000000200000036007370616e2d69643d30303b74726163652d69643d746573742d303030302d303030303b757365722d69643d303030303030303030393b
1749939973715710531,10,3,68,0a000000000000000300000036007370616e2d69643d30303b74726163652d69643d746573742d303030302d303030303b757365722d69643d303030303030303031303b
1749939973715729811,11,3,68,0b000000000000000300000036007370616e2d69643d30303b74726163652d69643d746573742d303030302d303030303b757365722d69643d303030303030303031313b
1749939973715748947,12,3,68,0c000000000000000300000036007370616e2d69643d30303b74726163652d69643d746573742d303030302d303030303b757365722d69643d303030303030303031323b
1749939973715768118,13,0,68,0d000000000000000000000036007370616e2d69643d30303b74726163652d69643d746573742d303030302d303030303b757365722d69643d303030303030303031333b
1749939973715790350,14,2,68,0e000000000000000200000036007370616e2d69643d30303b74726163652d69643d746573742d303030302d303030303b757365722d69643d303030303030303031343b
1749939973715810130,15,2,68,0f000000000000000200000036007370616e2d69643d30303b74726163652d69643d746573742d303030302d303030303b757365722d69643d303030303030303031353b
1749939973715829586,16,3,68,10000000000000000300000036007370616e2d69643d30303b74726163652d69643d746573742d303030302d303030303b757365722d69643d303030303030303031363b
1749939973715849264,17,3,68,11000000000000000300000036007370616e2d69643d30303b74726163652d69643d746573742d303030302d303030303b757365722d69643d303030303030303031373b
1749939973715868760,18,0,68,12000000000000000000000036007370616e2d69643d30303b74726163652d69643d746573742d303030302d303030303b757365722d69643d303030303030303031383b
1749939973715888202,19,3,68,13000000000000000300000036007370616e2d69643d30303b74726163652d69643d746573742d303030302d303030303b757365722d69643d303030303030303031393b
1749939973715907492,20,0,68,14000000000000000000000036007370616e2d69643d30303b74726163652d69643d746573742d303030302d303030303b757365722d69643d303030303030303032303b
1749939973715927195,21,0,68,15000000000000000000000036007370616e2d69643d30303b74726163652d69643d746573742d303030302d303030303b757365722d69643d303030303030303032313b
1749939973715946735,22,0,68,16000000000000000000000036007370616e2d69643d30303b74726163652d69643d746573742d303030302d303030303b757365722d69643d303030303030303032323b
1749939973715965687,23,1,68,17000000000000000100000036007370616e2d69643d30303b74726163652d69643d746573742d303030302d303030303b757365722d69643d303030303030303032333b
1749939973715984890,24,0,68,18000000000000000000000036007370616e2d69643d30303b74726163652d69643d746573742d303030302d303030303b757365722d69643d303030303030303032343b
1749939973716005967,25,0,68,19000000000000000000000036007370616e2d69643d30303b74726163652d69643d746573742d303030302d303030303b757365722d69643d303030303030303032353b
1749939973716025243,26,0,68,1a000000000000000000000036007370616e2d69643d30303b74726163652d69643d746573742d303030302d303030303b757365722d69643d303030303030303032363b
1749939973716044328,27,0,68,1b000000000000000000000036007370616e2d69643d30303b74726163652d69643d746573742d303030302d303030303b757365722d69643d303030303030303032373b
1749939973716063272,28,3,68,1c000000000000000300000036007370616e2d69643d30303b74726163652d69643d746573742d303030302d303030303b757365722d69643d303030303030303032383b
1749939973716083396,29,3,68,1d000000000000000300000036007370616e2d69643d30303b74726163652d69643d746573742d303030302d303030303b757365722d69643d303030303030303032393b
1749939973716102450,30,3,68,1e000000000000000300000036007370616e2d69643d30303b74726163652d69643d746573742d303030302d303030303b757365722d69643d303030303030303033303b
1749939973716121418,31,1,68,1f000000000000000100000036007370616e2d69643d30303b74726163652d69643d746573742d303030302d303030303b757365722d69643d303030303030303033313b
1749939973716140269,32,3,68,20000000000000000300000036007370616e2d69643d30303b74726163652d69643d746573742d303030302d303030303b757365722d69643d303030303030303033323b
1749939973716159079,33,3,68,21000000000000000300000036007370616e2d69643d30303b74726163652d69643d746573742d303030302d303030303b757365722d69643d303030303030303033333b
1749939973716178073,34,0,68,22000000000000000000000036007370616e2d69643d30303b74726163652d69643d746573742d303030302d303030303b757365722d69643d303030303030303033343b
1749939973716197013,35,2,68,23000000000000000200000036007370616e2d69643d30303b74726163652d69643d746573742d303030302d303030303b757365722d69643d303030303030303033353b
1749939973716216044,36,0,68,24000000000000000000000036007370616e2d69643d30303b74726163652d69643d746573742d303030302d303030303b757365722d69643d303030303030303033363b
1749939973716234972,37,3,68,25000000000000000300000036007370616e2d69643d30303b74726163652d69643d746573742d303030302d303030303b757365722d69643d303030303030303033373b
1749939973716253727,38,1,68,26000000000000000100000036007370616e2d69643d30303b74726163652d69643d746573742d303030302d303030303b757365722d69643d303030303030303033383b
1749939973716272658,39,3,68,27000000000000000300000036007370616e2d69643d30303b74726163652d69643d746573742d303030302d303030303b757365722d69643d303030303030303033393b
1749939973716293006,40,0,68,28000000000000000000000036007370616e2d69643d30303b74726163652d69643d746573742d303030302d303030303b757365722d69643d303030303030303034303b
1749939973716311772,41,2,68,29000000000000000200000036007370616e2d69643d30303b74726163652d69643d746573742d303030302d303030303b757365722d69643d303030303030303034313b
1749939973716336116,42,3,68,2a000000000000000300000036007370616e2d69643d30303b74726163652d69643d746573742d303030302d303030303b757365722d69643d303030303030303034323b
1749939973716356355,43,3,68,2b000000000000000300000036007370616e2d69643d30303b74726163652d69643d746573742d303030302d303030303b757365722d69643d303030303030303034333b
1749939973716375325,44,0,68,2c000000000000000000000036007370616e2d69643d30303b74726163652d69643d746573742d303030302d303030303b757365722d69643d303030303030303034343b
1749939973716394132,45,2,68,2d000000000000000200000036007370616e2d69643d30303b74726163652d69643d746573742d303030302d303030303b757365722d69643d303030303030303034353b
1749939973716413084,46,1,68,2e000000000000000100000036007370616e2d69643d30303b74726163652d69643d746573742d303030302d303030303b757365722d69643d303030303030303034363b
1749939973716431942,47,3,68,2f000000000000000300000036007370616e2d69643d30303b74726163652d69643d746573742d303030302d303030303b757365722d69643d303030303030303034373b
1749939973716450924,48,2,68,30000000000000000200000036007370616e2d69643d30303b74726163652d69643d746573742d303030302d303030303b757365722d69643d303030303030303034383b
1749939973716469940,49,2,68,31000000000000000200000036007370616e2d69643d30303b74726163652d69643d746573742d303030302d303030303b757365722d69643d303030303030303034393b
1749939973716490250,50,3,68,32000000000000000300000036007370616e2d69643d30303b74726163652d69643d746573742d303030302d303030303b757365722d69643d303030303030303035303b
1749939973716509104,51,1,68,33000000000000000100000036007370616e2d69643d30303b74726163652d69643d746573742d303030302d303030303b757365722d69643d303030303030303035313b
1749939973716528032,52,3,68,34000000000000000300000036007370616e2d69643d30303b74726163652d69643d746573742d303030302d303030303b757365722d69643d303030303030303035323b
1749939973716547085,53,0,68,35000000000000000000000036007370616e2d69643d30303b74726163652d69643d746573742d303030302d303030303b757365722d69643d303030303030303035333b
1749939973716566070,54,0,68,36000000000000000000000036007370616e2d69643d30303b74726163652d69643d746573742d303030302d303030303b757365722d69643d303030303030303035343b
1749939973716584788,55,0,68,37000000000000000000000036007370616e2d69643d30303b74726163652d69643d746573742d303030302d303030303b757365722d69643d303030303030303035353b
1749939973716603848,56,1,68,38000000000000000100000036007370616e2d69643d30303b74726163652d69643d746573742d303030302d303030303b757365722d69643d303030303030303035363b
1749939973716622684,57,2,68,39000000000000000200000036007370616e2d69643d30303b74726163652d69643d746573742d303030302d303030303b757365722d69643d303030303030303035373b
1749939973716642652,58,0,68,3a000000000000000000000036007370616e2d69643d30303b74726163652d69643d746573742d303030302d303030303b757365722d69643d303030303030303035383b
1749939973716661597,59,1,68,3b000000000000000100000036007370616e2d69643d30303b74726163652d69643d746573742d303030302d303030303b757365722d69643d303030303030303035393b
1749939973716680522,60,0,68,3c000000000000000000000036007370616e2d69643d30303b74726163652d69643d746573742d303030302d303030303b757365722d69643d303030303030303036303b
1749939973716699230,61,3,68,3d000000000000000300000036007370616e2d69643d30303b74726163652d69643d746573742d303030302d303030303b757365722d69643d303030303030303036313b
1749939973716718067,62,3,68,3e000000000000000300000036007370616e2d69643d30303b74726163652d69643d746573742d303030302d303030303b757365722d69643d303030303030303036323b
1749939973716736914,63,1,68,3f000000000000000100000036007370616e2d69643d30303b74726163652d69643d746573742d303030302d303030303b757365722d69643d303030303030303036333b
1749939973716759213,64,2,68,40000000000000000200000036007370616e2d69643d30303b74726163652d69643d746573742d303030302d303030303b757365722d69643d303030303030303036343b
1749939973716778149,65,2,68,41000000000000000200000036007370616e2d69643d30303b74726163652d69643d746573742d303030302d303030303b757365722d69643d303030303030303036353b
1749939973716797064,66,2,68,42000000000000000200000036007370616e2d69643d30303b74726163652d69643d746573742d303030302d303030303b757365722d69643d303030303030303036363b
1749939973716815841,67,2,68,43000000000000000200000036007370616e2d69643d30303b74726163652d69643d746573742d303030302d303030303b757365722d69643d303030303030303036373b
1749939973716834788,68,0,68,44000000000000000000000036007370616e2d69643d30303b74726163652d69643d746573742d303030302d303030303b757365722d69643d303030303030303036383b
1749939973716853671,69,0,68,45000000000000000000000036007370616e2d69643d30303b74726163652d69643d746573742d303030302d303030303b757365722d69643d303030303030303036393b
1749939973716872531,70,2,68,46000000000000000200000036007370616e2d69643d30303b74726163652d69643d746573742d303030302d303030303b757365722d69643d303030303030303037303b
1749939973716891395,71,1,68,47000000000000000100000036007370616e2d69643d30303b74726163652d69643d746573742d303030302d303030303b757365722d69643d303030303030303037313b
1749939973716912706,72,3,68,48000000000000000300000036007370616e2d69643d30303b74726163652d69643d746573742d303030302d303030303b757365722d69643d303030303030303037323b
1749939973716931892,73,2,68,49000000000000000200000036007370616e2d69643d30303b74726163652d69643d746573742d303030302d303030303b757365722d69643d303030303030303037333b
1749939973716950590,74,3,68,4a000000000000000300000036007370616e2d69643d30303b74726163652d69643d746573742d303030302d303030303b757365722d69643d303030303030303037343b
1749939973716971487,75,0,68,4b000000000000000000000036007370616e2d69643d30303b74726163652d69643d746573742d303030302d303030303b757365722d69643d303030303030303037353b
1749939973716990311,76,2,68,4c000000000000000200000036007370616e2d69643d30303b74726163652d69643d746573742d303030302d303030303b757365722d69643d303030303030303037363b
1749939973717009108,77,3,68,4d000000000000000300000036007370616e2d69643d30303b74726163652d69643d746573742d303030302d303030303b757365722d69643d303030303030303037373b
1749939973717028100,78,3,68,4e000000000000000300000036007370616e2d69643d30303b74726163652d69643d746573742d303030302d303030303b757365722d69643d303030303030303037383b
1749939973717048283,79,0,68,4f000000000000000000000036007370616e2d69643d30303b74726163652d69643d746573742d303030302d303030303b757365722d69643d303030303030303037393b
1749939973717067154,80,0,68,50000000000000000000000036007370616e2d69643d30303b74726163652d69643d746573742d303030302d303030303b757365722d69643d303030303030303038303b
1749939973717085933,81,1,68,51000000000000000100000036007370616e2d69643d30303b74726163652d69643d746573742d303030302d303030303b757365722d69643d303030303030303038313b
1749939973717104943,82,0,68,52000000000000000000000036007370616e2d69643d30303b74726163652d69643d746573742d303030302d303030303b757365722d69643d303030303030303038323b
1749939973717123699,83,0,68,53000000000000000000000036007370616e2d69643d30303b74726163652d69643d746573742d303030302d303030303b757365722d69643d303030303030303038333b
1749939973717142494,84,2,68,54000000000000000200000036007370616e2d69643d30303b74726163652d69643d746573742d303030302d303030303b757365722d69643d303030303030303038343b
1749939973717161509,85,0,68,55000000000000000000000036007370616e2d69643d30303b74726163652d69643d746573742d303030302d303030303b757365722d69643d303030303030303038353b
1749939973717180504,86,3,68,56000000000000000300000036007370616e2d69643d30303b74726163652d69643d746573742d303030302d303030303b757365722d69643d303030303030303038363b
1749939973717200451,87,2,68,57000000000000000200000036007370616e2d69643d30303b74726163652d69643d746573742d303030302d303030303b757365722d69643d303030303030303038373b
1749939973717219410,88,0,68,58000000000000000000000036007370616e2d69643d30303b74726163652d69643d746573742d303030302d303030303b757365722d69643d303030303030303038383b
1749939973717238418,89,3,68,59000000000000000300000036007370616e2d69643d30303b74726163652d69643d746573742d303030302d303030303b757365722d69643d303030303030303038393b
1749939973717257545,90,0,68,5a000000000000000000000036007370616e2d69643d30303b74726163652d69643d746573742d303030302d303030303b757365722d69643d303030303030303039303b
1749939973717276512,91,3,68,5b000000000000000300000036007370616e2d69643d30303b74726163652d69643d746573742d303030302d303030303b757365722d69643d303030303030303039313b
1749939973717295322,92,0,68,5c000000000000000000000036007370616e2d69643d30303b74726163652d69643d746573742d303030302d303030303b757365722d69643d303030303030303039323b
1749939973717316504,93,1,68,5d000000000000000100000036007370616e2d69643d30303b74726163652d69643d746573742d303030302d303030303b757365722d69643d303030303030303039333b
1749939973717337538,94,2,68,5e000000000000000200000036007370616e2d69643d30303b74726163652d69643d746573742d303030302d303030303b757365722d69643d303030303030303039343b
1749939973717356357,95,1,68,5f000000000000000100000036007370616e2d69643d30303b74726163652d69643d746573742d303030302d303030303b757365722d69643d303030303030303039353b
1749939973717375250,96,0,68,60000000000000000000000036007370616e2d69643d30303b74726163652d69643d746573742d303030302d303030303b757365722d69643d303030303030303039363b
1749939973717394217,97,0,68,61000000000000000000000036007370616e2d69643d30303b74726163652d69643d746573742d303030302d303030303b757365722d69643d303030303030303039373b
1749939973717412708,98,0,68,62000000000000000000000036007370616e2d69643d30303b74726163652d69643d746573742d303030302d303030303b757365722d69643d303030303030303039383b
1749939973717431308,99,0,68,63000000000000000000000036007370616e2d69643d30303b74726163652d69643d746573742d303030302d303030303b757365722d69643d303030303030303039393b
